time,close
2024-12-31 21:00:00,1.0354700000000001
2024-12-31 22:00:00,1.03582
2024-12-31 23:00:00,1.03493
2025-01-02 00:00:00,1.03553
2025-01-02 01:00:00,1.03507
2025-01-02 02:00:00,1.03519
2025-01-02 03:00:00,1.03577
2025-01-02 04:00:00,1.03708
2025-01-02 05:00:00,1.03715
2025-01-02 06:00:00,1.03692
2025-01-02 07:00:00,1.03639
2025-01-02 08:00:00,1.03636
2025-01-02 09:00:00,1.03627
2025-01-02 10:00:00,1.03627
2025-01-02 11:00:00,1.03514
2025-01-02 12:00:00,1.03168
2025-01-02 13:00:00,1.03321
2025-01-02 14:00:00,1.03182
2025-01-02 15:00:00,1.03133
2025-01-02 16:00:00,1.03034
2025-01-02 17:00:00,1.0274
2025-01-02 18:00:00,1.02611
2025-01-02 19:00:00,1.02648
2025-01-02 20:00:00,1.02563
2025-01-02 21:00:00,1.0251
2025-01-02 22:00:00,1.02613
2025-01-02 23:00:00,1.02558
2025-01-03 00:00:00,1.02651
2025-01-03 01:00:00,1.02677
2025-01-03 02:00:00,1.02729
2025-01-03 03:00:00,1.02674
2025-01-03 04:00:00,1.02722
2025-01-03 05:00:00,1.02707
2025-01-03 06:00:00,1.02695
2025-01-03 07:00:00,1.02716
2025-01-03 08:00:00,1.0279
2025-01-03 09:00:00,1.02807
2025-01-03 10:00:00,1.02803
2025-01-03 11:00:00,1.02901
2025-01-03 12:00:00,1.02811
2025-01-03 13:00:00,1.02972
2025-01-03 14:00:00,1.02956
2025-01-03 15:00:00,1.02931
2025-01-03 16:00:00,1.02991
2025-01-03 17:00:00,1.0289
2025-01-03 18:00:00,1.02906
2025-01-03 19:00:00,1.02979
2025-01-03 20:00:00,1.02972
2025-01-03 21:00:00,1.03012
2025-01-03 22:00:00,1.03057
2025-01-03 23:00:00,1.03078
2025-01-06 00:00:00,1.03014
2025-01-06 01:00:00,1.03051
2025-01-06 02:00:00,1.03028
2025-01-06 03:00:00,1.03121
2025-01-06 04:00:00,1.0316
2025-01-06 05:00:00,1.03163
2025-01-06 06:00:00,1.03151
2025-01-06 07:00:00,1.03088
2025-01-06 08:00:00,1.03125
2025-01-06 09:00:00,1.03274
2025-01-06 10:00:00,1.03501
2025-01-06 11:00:00,1.03555
2025-01-06 12:00:00,1.03351
2025-01-06 13:00:00,1.04215
2025-01-06 14:00:00,1.04108
2025-01-06 15:00:00,1.04168
2025-01-06 16:00:00,1.03924
2025-01-06 17:00:00,1.03932
2025-01-06 18:00:00,1.03968
2025-01-06 19:00:00,1.03872
2025-01-06 20:00:00,1.03818
2025-01-06 21:00:00,1.03881
2025-01-06 22:00:00,1.03878
2025-01-06 23:00:00,1.0386
2025-01-07 00:00:00,1.03885
2025-01-07 01:00:00,1.03831
2025-01-07 02:00:00,1.03842
2025-01-07 03:00:00,1.03812
2025-01-07 04:00:00,1.03817
2025-01-07 07:00:00,1.03966
2025-01-07 08:00:00,1.03973
2025-01-07 09:00:00,1.04145
2025-01-07 10:00:00,1.04218
2025-01-07 11:00:00,1.04267
2025-01-07 12:00:00,1.04279
2025-01-07 13:00:00,1.04132
2025-01-07 14:00:00,1.03892
2025-01-07 15:00:00,1.03966
2025-01-07 16:00:00,1.03917
2025-01-07 17:00:00,1.03722
2025-01-07 18:00:00,1.03681
2025-01-07 19:00:00,1.03667
2025-01-07 20:00:00,1.03543
2025-01-07 21:00:00,1.03552
2025-01-07 22:00:00,1.03443
2025-01-07 23:00:00,1.0336400000000001
2025-01-08 00:00:00,1.03416
2025-01-08 01:00:00,1.03415
2025-01-08 02:00:00,1.03466
2025-01-08 03:00:00,1.03526
2025-01-08 04:00:00,1.0354
2025-01-08 05:00:00,1.03476
2025-01-08 06:00:00,1.03511
2025-01-08 07:00:00,1.0354700000000001
2025-01-08 08:00:00,1.03514
2025-01-08 09:00:00,1.03322
2025-01-08 10:00:00,1.03186
2025-01-08 11:00:00,1.03194
2025-01-08 12:00:00,1.03189
2025-01-08 13:00:00,1.02976
2025-01-08 14:00:00,1.02826
2025-01-08 15:00:00,1.03032
2025-01-08 16:00:00,1.02912
2025-01-08 17:00:00,1.03015
2025-01-08 18:00:00,1.03124
2025-01-08 19:00:00,1.03051
2025-01-08 20:00:00,1.03127
2025-01-08 21:00:00,1.03088
2025-01-08 22:00:00,1.03161
2025-01-08 23:00:00,1.03149
2025-01-09 00:00:00,1.0318
2025-01-09 01:00:00,1.03132
2025-01-09 02:00:00,1.03129
2025-01-09 03:00:00,1.03142
2025-01-09 04:00:00,1.03164
2025-01-09 05:00:00,1.0311
2025-01-09 06:00:00,1.03089
2025-01-09 07:00:00,1.03065
2025-01-09 08:00:00,1.03
2025-01-09 09:00:00,1.02909
2025-01-09 10:00:00,1.03075
2025-01-09 11:00:00,1.03058
2025-01-09 12:00:00,1.0303
2025-01-09 13:00:00,1.0301
2025-01-09 14:00:00,1.03032
2025-01-09 15:00:00,1.03078
2025-01-09 16:00:00,1.03072
2025-01-09 17:00:00,1.02991
2025-01-09 18:00:00,1.02972
2025-01-09 19:00:00,1.02972
2025-01-09 20:00:00,1.03
2025-01-09 21:00:00,1.02978
2025-01-09 22:00:00,1.03009
2025-01-09 23:00:00,1.02992
2025-01-10 00:00:00,1.02998
2025-01-10 01:00:00,1.02964
2025-01-10 02:00:00,1.02954
2025-01-10 03:00:00,1.03017
2025-01-10 04:00:00,1.03016
2025-01-10 05:00:00,1.02983
2025-01-10 06:00:00,1.0295
2025-01-10 07:00:00,1.02857
2025-01-10 08:00:00,1.02816
2025-01-10 09:00:00,1.02969
2025-01-10 10:00:00,1.03027
2025-01-10 11:00:00,1.02998
2025-01-10 12:00:00,1.03022
2025-01-10 13:00:00,1.03016
2025-01-10 14:00:00,1.03055
2025-01-10 15:00:00,1.02563
2025-01-10 16:00:00,1.02516
2025-01-10 17:00:00,1.02503
2025-01-10 18:00:00,1.0237
2025-01-10 19:00:00,1.02444
2025-01-10 20:00:00,1.02414
2025-01-10 21:00:00,1.02454
2025-01-10 22:00:00,1.02446
2025-01-10 23:00:00,1.02404
2025-01-13 00:00:00,1.0246
2025-01-13 01:00:00,1.02429
2025-01-13 02:00:00,1.02422
2025-01-13 03:00:00,1.02416
2025-01-13 04:00:00,1.02401
2025-01-13 05:00:00,1.02151
2025-01-13 06:00:00,1.02116
2025-01-13 07:00:00,1.02193
2025-01-13 08:00:00,1.02172
2025-01-13 09:00:00,1.02152
2025-01-13 10:00:00,1.02213
2025-01-13 11:00:00,1.01932
2025-01-13 12:00:00,1.0202
2025-01-13 13:00:00,1.01957
2025-01-13 14:00:00,1.02027
2025-01-13 15:00:00,1.02083
2025-01-13 16:00:00,1.0208
2025-01-13 17:00:00,1.01968
2025-01-13 18:00:00,1.02082
2025-01-13 19:00:00,1.02178
2025-01-13 20:00:00,1.0216
2025-01-13 21:00:00,1.02071
2025-01-13 22:00:00,1.02166
2025-01-13 23:00:00,1.02412
2025-01-14 00:00:00,1.02584
2025-01-14 01:00:00,1.02638
2025-01-14 02:00:00,1.02479
2025-01-14 03:00:00,1.02489
2025-01-14 04:00:00,1.02446
2025-01-14 05:00:00,1.02484
2025-01-14 06:00:00,1.02501
2025-01-14 07:00:00,1.02447
2025-01-14 08:00:00,1.02524
2025-01-14 09:00:00,1.02542
2025-01-14 10:00:00,1.02615
2025-01-14 11:00:00,1.02595
2025-01-14 12:00:00,1.02599
2025-01-14 13:00:00,1.02538
2025-01-14 14:00:00,1.02476
2025-01-14 15:00:00,1.02529
2025-01-14 16:00:00,1.0268
2025-01-14 17:00:00,1.02948
2025-01-14 18:00:00,1.02913
2025-01-14 19:00:00,1.02881
2025-01-14 20:00:00,1.02991
2025-01-14 21:00:00,1.0298
2025-01-14 22:00:00,1.03017
2025-01-14 23:00:00,1.03064
2025-01-15 00:00:00,1.03065
2025-01-15 01:00:00,1.0306
2025-01-15 02:00:00,1.03011
2025-01-15 03:00:00,1.02999
2025-01-15 04:00:00,1.0297
2025-01-15 05:00:00,1.03018
2025-01-15 06:00:00,1.03023
2025-01-15 07:00:00,1.02931
2025-01-15 08:00:00,1.0296
2025-01-15 09:00:00,1.03057
2025-01-15 10:00:00,1.02964
2025-01-15 11:00:00,1.03097
2025-01-15 12:00:00,1.03073
2025-01-15 13:00:00,1.0301
2025-01-15 14:00:00,1.02997
2025-01-15 15:00:00,1.0344
2025-01-15 16:00:00,1.03272
2025-01-15 17:00:00,1.0306
2025-01-15 18:00:00,1.0281
2025-01-15 19:00:00,1.02855
2025-01-15 20:00:00,1.02921
2025-01-15 21:00:00,1.02932
2025-01-15 22:00:00,1.02958
2025-01-15 23:00:00,1.02875
2025-01-16 00:00:00,1.02916
2025-01-16 01:00:00,1.02951
2025-01-16 02:00:00,1.02988
2025-01-16 03:00:00,1.02889
2025-01-16 04:00:00,1.02868
2025-01-16 05:00:00,1.02888
2025-01-16 06:00:00,1.02869
2025-01-16 07:00:00,1.02822
2025-01-16 08:00:00,1.02887
2025-01-16 09:00:00,1.02974
2025-01-16 10:00:00,1.02959
2025-01-16 11:00:00,1.0286
2025-01-16 12:00:00,1.02853
2025-01-16 13:00:00,1.02901
2025-01-16 14:00:00,1.02716
2025-01-16 15:00:00,1.02815
2025-01-16 16:00:00,1.02791
2025-01-16 17:00:00,1.03008
2025-01-16 18:00:00,1.03022
2025-01-16 19:00:00,1.02963
2025-01-16 20:00:00,1.03001
2025-01-16 21:00:00,1.03017
2025-01-16 22:00:00,1.03001
2025-01-16 23:00:00,1.02933
2025-01-17 00:00:00,1.03011
2025-01-17 01:00:00,1.03013
2025-01-17 02:00:00,1.03047
2025-01-17 03:00:00,1.03047
2025-01-17 04:00:00,1.03032
2025-01-17 05:00:00,1.03005
2025-01-17 06:00:00,1.02936
2025-01-17 07:00:00,1.0293
2025-01-17 08:00:00,1.02898
2025-01-17 09:00:00,1.02844
2025-01-17 10:00:00,1.02969
2025-01-17 11:00:00,1.02964
2025-01-17 12:00:00,1.03034
2025-01-17 13:00:00,1.03045
2025-01-17 14:00:00,1.02928
2025-01-17 15:00:00,1.029
2025-01-17 16:00:00,1.02984
2025-01-17 17:00:00,1.02989
2025-01-17 18:00:00,1.02861
2025-01-17 19:00:00,1.02807
2025-01-17 20:00:00,1.02809
2025-01-17 21:00:00,1.0276
2025-01-17 22:00:00,1.02753
2025-01-17 23:00:00,1.02705
2025-01-20 00:00:00,1.02739
2025-01-20 01:00:00,1.02802
2025-01-20 02:00:00,1.02862
2025-01-20 03:00:00,1.0290300000000001
2025-01-20 04:00:00,1.02909
2025-01-20 05:00:00,1.0306
2025-01-20 06:00:00,1.03041
2025-01-20 07:00:00,1.03024
2025-01-20 08:00:00,1.03103
2025-01-20 09:00:00,1.03168
2025-01-20 10:00:00,1.03098
2025-01-20 11:00:00,1.0306
2025-01-20 12:00:00,1.03149
2025-01-20 13:00:00,1.03258
2025-01-20 14:00:00,1.03202
2025-01-20 15:00:00,1.03977
2025-01-20 16:00:00,1.04149
2025-01-20 17:00:00,1.04003
2025-01-20 18:00:00,1.03983
2025-01-20 19:00:00,1.03855
2025-01-20 20:00:00,1.03965
2025-01-20 21:00:00,1.0421
2025-01-20 22:00:00,1.0416
2025-01-20 23:00:00,1.04131
2025-01-21 00:00:00,1.04123
2025-01-21 01:00:00,1.04208
2025-01-21 02:00:00,1.0362
2025-01-21 03:00:00,1.03701
2025-01-21 04:00:00,1.03874
2025-01-21 05:00:00,1.03874
2025-01-21 06:00:00,1.03897
2025-01-21 07:00:00,1.03787
2025-01-21 08:00:00,1.03689
2025-01-21 09:00:00,1.03735
2025-01-21 10:00:00,1.03609
2025-01-21 11:00:00,1.03536
2025-01-21 12:00:00,1.03528
2025-01-21 13:00:00,1.03531
2025-01-21 14:00:00,1.03539
2025-01-21 15:00:00,1.03775
2025-01-21 16:00:00,1.03867
2025-01-21 17:00:00,1.04006
2025-01-21 18:00:00,1.04223
2025-01-21 19:00:00,1.04212
2025-01-21 20:00:00,1.04289
2025-01-21 21:00:00,1.04179
2025-01-21 22:00:00,1.04199
2025-01-21 23:00:00,1.04242
2025-01-22 00:00:00,1.04254
2025-01-22 01:00:00,1.04057
2025-01-22 02:00:00,1.0423
2025-01-22 03:00:00,1.04095
2025-01-22 04:00:00,1.04135
2025-01-22 05:00:00,1.04117
2025-01-22 06:00:00,1.04171
2025-01-22 07:00:00,1.04155
2025-01-22 08:00:00,1.04037
2025-01-22 09:00:00,1.04115
2025-01-22 10:00:00,1.0423
2025-01-22 11:00:00,1.04463
2025-01-22 12:00:00,1.04498
2025-01-22 13:00:00,1.04427
2025-01-22 14:00:00,1.04379
2025-01-22 15:00:00,1.04316
2025-01-22 16:00:00,1.04246
2025-01-22 17:00:00,1.04199
2025-01-22 18:00:00,1.04193
2025-01-22 19:00:00,1.04169
2025-01-22 20:00:00,1.0416
2025-01-22 21:00:00,1.04201
2025-01-22 22:00:00,1.0412
2025-01-22 23:00:00,1.04053
2025-01-23 00:00:00,1.04072
2025-01-23 01:00:00,1.04077
2025-01-23 02:00:00,1.041
2025-01-23 03:00:00,1.04036
2025-01-23 04:00:00,1.04036
2025-01-23 05:00:00,1.04087
2025-01-23 06:00:00,1.04107
2025-01-23 07:00:00,1.04052
2025-01-23 08:00:00,1.04032
2025-01-23 09:00:00,1.04
2025-01-23 10:00:00,1.03939
2025-01-23 11:00:00,1.04116
2025-01-23 12:00:00,1.0411299999999999
2025-01-23 13:00:00,1.04031
2025-01-23 14:00:00,1.04034
2025-01-23 15:00:00,1.04105
2025-01-23 16:00:00,1.04084
2025-01-23 17:00:00,1.03971
2025-01-23 18:00:00,1.04194
2025-01-23 19:00:00,1.04353
2025-01-23 20:00:00,1.04238
2025-01-23 21:00:00,1.04227
2025-01-23 22:00:00,1.04175
2025-01-23 23:00:00,1.04145
2025-01-24 00:00:00,1.04159
2025-01-24 01:00:00,1.04155
2025-01-24 02:00:00,1.0419100000000001
2025-01-24 03:00:00,1.04159
2025-01-24 04:00:00,1.04489
2025-01-24 05:00:00,1.04461
2025-01-24 06:00:00,1.04472
2025-01-24 07:00:00,1.0451
2025-01-24 08:00:00,1.0457
2025-01-24 09:00:00,1.0461
2025-01-24 10:00:00,1.04935
2025-01-24 11:00:00,1.04942
2025-01-24 12:00:00,1.0489
2025-01-24 13:00:00,1.04859
2025-01-24 14:00:00,1.04736
2025-01-24 15:00:00,1.04685
2025-01-24 16:00:00,1.04909
2025-01-24 17:00:00,1.05163
2025-01-24 18:00:00,1.05145
2025-01-24 19:00:00,1.0511
2025-01-24 20:00:00,1.0495
2025-01-24 21:00:00,1.04953
2025-01-24 22:00:00,1.04945
2025-01-24 23:00:00,1.04919
2025-01-27 00:00:00,1.04817
2025-01-27 01:00:00,1.04674
2025-01-27 02:00:00,1.04726
2025-01-27 03:00:00,1.04627
2025-01-27 04:00:00,1.04658
2025-01-27 05:00:00,1.04683
2025-01-27 06:00:00,1.04631
2025-01-27 07:00:00,1.04628
2025-01-27 08:00:00,1.04591
2025-01-27 09:00:00,1.0457
2025-01-27 10:00:00,1.04875
2025-01-27 11:00:00,1.04886
2025-01-27 12:00:00,1.05053
2025-01-27 13:00:00,1.0513
2025-01-27 14:00:00,1.05212
2025-01-27 15:00:00,1.05198
2025-01-27 16:00:00,1.0509
2025-01-27 17:00:00,1.04988
2025-01-27 18:00:00,1.04907
2025-01-27 19:00:00,1.04886
2025-01-27 20:00:00,1.04847
2025-01-27 21:00:00,1.04925
2025-01-27 22:00:00,1.04879
2025-01-27 23:00:00,1.04904
2025-01-28 00:00:00,1.04882
2025-01-28 01:00:00,1.0437
2025-01-28 02:00:00,1.04452
2025-01-28 03:00:00,1.04377
2025-01-28 04:00:00,1.04335
2025-01-28 05:00:00,1.04291
2025-01-28 06:00:00,1.04335
2025-01-28 07:00:00,1.04363
2025-01-28 08:00:00,1.04375
2025-01-28 09:00:00,1.04344
2025-01-28 10:00:00,1.04251
2025-01-28 11:00:00,1.0435
2025-01-28 12:00:00,1.04249
2025-01-28 13:00:00,1.04233
2025-01-28 14:00:00,1.04201
2025-01-28 15:00:00,1.04249
2025-01-28 16:00:00,1.04315
2025-01-28 17:00:00,1.0424
2025-01-28 18:00:00,1.0426
2025-01-28 19:00:00,1.04278
2025-01-28 20:00:00,1.04264
2025-01-28 21:00:00,1.0435
2025-01-28 22:00:00,1.04316
2025-01-28 23:00:00,1.04287
2025-01-29 00:00:00,1.04282
2025-01-29 01:00:00,1.04272
2025-01-29 02:00:00,1.04303
2025-01-29 03:00:00,1.04272
2025-01-29 04:00:00,1.04337
2025-01-29 05:00:00,1.04373
2025-01-29 06:00:00,1.04385
2025-01-29 07:00:00,1.04401
2025-01-29 08:00:00,1.04372
2025-01-29 09:00:00,1.04159
2025-01-29 10:00:00,1.04241
2025-01-29 11:00:00,1.04038
2025-01-29 12:00:00,1.04035
2025-01-29 13:00:00,1.04015
2025-01-29 14:00:00,1.0404
2025-01-29 15:00:00,1.03874
2025-01-29 16:00:00,1.0401
2025-01-29 17:00:00,1.04193
2025-01-29 18:00:00,1.04158
2025-01-29 19:00:00,1.04212
2025-01-29 20:00:00,1.04186
2025-01-29 21:00:00,1.04163
2025-01-29 22:00:00,1.04104
2025-01-29 23:00:00,1.04202
2025-01-30 00:00:00,1.04205
2025-01-30 01:00:00,1.04245
2025-01-30 02:00:00,1.0426
2025-01-30 03:00:00,1.042
2025-01-30 04:00:00,1.0423
2025-01-30 05:00:00,1.04253
2025-01-30 06:00:00,1.04189
2025-01-30 07:00:00,1.04217
2025-01-30 08:00:00,1.04138
2025-01-30 09:00:00,1.04232
2025-01-30 10:00:00,1.04216
2025-01-30 11:00:00,1.04074
2025-01-30 12:00:00,1.04006
2025-01-30 13:00:00,1.03917
2025-01-30 14:00:00,1.04033
2025-01-30 15:00:00,1.04571
2025-01-30 16:00:00,1.04281
2025-01-30 17:00:00,1.0431300000000001
2025-01-30 18:00:00,1.04195
2025-01-30 19:00:00,1.04169
2025-01-30 20:00:00,1.04251
2025-01-30 21:00:00,1.04279
2025-01-30 22:00:00,1.04075
2025-01-30 23:00:00,1.03868
2025-01-31 00:00:00,1.03875
2025-01-31 01:00:00,1.03967
2025-01-31 02:00:00,1.03867
2025-01-31 03:00:00,1.03885
2025-01-31 04:00:00,1.03894
2025-01-31 05:00:00,1.03848
2025-01-31 06:00:00,1.03873
2025-01-31 07:00:00,1.03887
2025-01-31 08:00:00,1.03944
2025-01-31 09:00:00,1.04042
2025-01-31 10:00:00,1.03842
2025-01-31 11:00:00,1.03834
2025-01-31 12:00:00,1.03762
2025-01-31 13:00:00,1.03757
2025-01-31 14:00:00,1.03825
2025-01-31 15:00:00,1.0382
2025-01-31 16:00:00,1.03685
2025-01-31 17:00:00,1.03963
2025-01-31 18:00:00,1.03996
2025-01-31 19:00:00,1.04201
2025-01-31 20:00:00,1.03699
2025-01-31 21:00:00,1.03762
2025-01-31 22:00:00,1.03737
2025-01-31 23:00:00,1.0364
2025-02-03 00:00:00,1.0249
2025-02-03 01:00:00,1.0247
2025-02-03 02:00:00,1.02318
2025-02-03 03:00:00,1.02378
2025-02-03 04:00:00,1.02235
2025-02-03 05:00:00,1.02214
2025-02-03 06:00:00,1.02265
2025-02-03 07:00:00,1.02401
2025-02-03 08:00:00,1.02431
2025-02-03 09:00:00,1.02246
2025-02-03 10:00:00,1.02438
2025-02-03 11:00:00,1.02297
2025-02-03 12:00:00,1.02435
2025-02-03 13:00:00,1.02522
2025-02-03 14:00:00,1.02576
2025-02-03 15:00:00,1.02638
2025-02-03 16:00:00,1.02491
2025-02-03 17:00:00,1.0316
2025-02-03 18:00:00,1.02761
2025-02-03 19:00:00,1.02796
2025-02-03 20:00:00,1.02784
2025-02-03 21:00:00,1.02844
2025-02-03 22:00:00,1.02958
2025-02-03 23:00:00,1.03435
2025-02-04 00:00:00,1.03409
2025-02-04 01:00:00,1.03279
2025-02-04 02:00:00,1.03179
2025-02-04 03:00:00,1.03218
2025-02-04 04:00:00,1.03219
2025-02-04 05:00:00,1.03144
2025-02-04 06:00:00,1.0306
2025-02-04 07:00:00,1.02931
2025-02-04 08:00:00,1.03065
2025-02-04 09:00:00,1.0311
2025-02-04 10:00:00,1.03342
2025-02-04 11:00:00,1.03385
2025-02-04 12:00:00,1.0334699999999999
2025-02-04 13:00:00,1.03221
2025-02-04 14:00:00,1.03252
2025-02-04 15:00:00,1.03402
2025-02-04 16:00:00,1.03583
2025-02-04 17:00:00,1.03802
2025-02-04 18:00:00,1.03783
2025-02-04 19:00:00,1.03766
2025-02-04 20:00:00,1.03809
2025-02-04 21:00:00,1.03812
2025-02-04 22:00:00,1.03852
2025-02-04 23:00:00,1.03773
2025-02-05 00:00:00,1.03768
2025-02-05 01:00:00,1.03714
2025-02-05 02:00:00,1.03787
2025-02-05 03:00:00,1.03732
2025-02-05 04:00:00,1.03843
2025-02-05 05:00:00,1.03793
2025-02-05 06:00:00,1.03784
2025-02-05 07:00:00,1.03777
2025-02-05 08:00:00,1.03849
2025-02-05 09:00:00,1.04026
2025-02-05 10:00:00,1.04036
2025-02-05 11:00:00,1.04039
2025-02-05 12:00:00,1.04244
2025-02-05 13:00:00,1.04147
2025-02-05 14:00:00,1.0419
2025-02-05 15:00:00,1.04077
2025-02-05 16:00:00,1.04205
2025-02-05 17:00:00,1.0422
2025-02-05 18:00:00,1.04179
2025-02-05 19:00:00,1.04197
2025-02-05 20:00:00,1.04154
2025-02-05 21:00:00,1.04069
2025-02-05 22:00:00,1.04047
2025-02-05 23:00:00,1.04012
2025-02-06 00:00:00,1.04027
2025-02-06 01:00:00,1.03984
2025-02-06 02:00:00,1.03974
2025-02-06 03:00:00,1.04026
2025-02-06 04:00:00,1.0395
2025-02-06 05:00:00,1.03918
2025-02-06 06:00:00,1.03869
2025-02-06 07:00:00,1.03863
2025-02-06 08:00:00,1.03901
2025-02-06 09:00:00,1.03799
2025-02-06 10:00:00,1.03648
2025-02-06 11:00:00,1.03594
2025-02-06 12:00:00,1.03624
2025-02-06 13:00:00,1.03619
2025-02-06 14:00:00,1.03618
2025-02-06 15:00:00,1.03604
2025-02-06 16:00:00,1.03621
2025-02-06 17:00:00,1.03692
2025-02-06 18:00:00,1.03668
2025-02-06 19:00:00,1.0379
2025-02-06 20:00:00,1.03892
2025-02-06 21:00:00,1.03851
2025-02-06 22:00:00,1.0389
2025-02-06 23:00:00,1.03818
2025-02-07 00:00:00,1.03823
2025-02-07 01:00:00,1.03849
2025-02-07 02:00:00,1.03775
2025-02-07 03:00:00,1.03837
2025-02-07 04:00:00,1.03841
2025-02-07 05:00:00,1.03796
2025-02-07 06:00:00,1.03811
2025-02-07 07:00:00,1.03749
2025-02-07 08:00:00,1.0376
2025-02-07 09:00:00,1.03891
2025-02-07 10:00:00,1.03977
2025-02-07 11:00:00,1.03909
2025-02-07 12:00:00,1.03812
2025-02-07 13:00:00,1.03822
2025-02-07 14:00:00,1.03742
2025-02-07 15:00:00,1.03636
2025-02-07 16:00:00,1.03838
2025-02-07 17:00:00,1.0355
2025-02-07 18:00:00,1.03277
2025-02-07 19:00:00,1.03216
2025-02-07 20:00:00,1.03248
2025-02-07 21:00:00,1.03322
2025-02-07 22:00:00,1.03278
2025-02-07 23:00:00,1.03262
2025-02-10 00:00:00,1.02895
2025-02-10 01:00:00,1.03096
2025-02-10 02:00:00,1.03101
2025-02-10 03:00:00,1.03028
2025-02-10 04:00:00,1.02997
2025-02-10 05:00:00,1.03114
2025-02-10 06:00:00,1.03131
2025-02-10 07:00:00,1.03161
2025-02-10 08:00:00,1.03188
2025-02-10 09:00:00,1.03128
2025-02-10 10:00:00,1.03221
2025-02-10 11:00:00,1.03268
2025-02-10 12:00:00,1.03298
2025-02-10 13:00:00,1.03204
2025-02-10 14:00:00,1.03136
2025-02-10 15:00:00,1.03214
2025-02-10 16:00:00,1.03111
2025-02-10 17:00:00,1.0315
2025-02-10 18:00:00,1.03113
2025-02-10 19:00:00,1.03123
2025-02-10 20:00:00,1.0307
2025-02-10 21:00:00,1.03067
2025-02-10 22:00:00,1.03067
2025-02-10 23:00:00,1.0306
2025-02-11 00:00:00,1.03042
2025-02-11 01:00:00,1.03005
2025-02-11 02:00:00,1.03047
2025-02-11 03:00:00,1.03018
2025-02-11 04:00:00,1.0293
2025-02-11 05:00:00,1.02981
2025-02-11 06:00:00,1.03041
2025-02-11 07:00:00,1.03047
2025-02-11 08:00:00,1.03051
2025-02-11 09:00:00,1.03032
2025-02-11 10:00:00,1.03181
2025-02-11 11:00:00,1.03177
2025-02-11 12:00:00,1.0316
2025-02-11 13:00:00,1.03217
2025-02-11 14:00:00,1.03219
2025-02-11 15:00:00,1.03223
2025-02-11 16:00:00,1.03322
2025-02-11 17:00:00,1.034
2025-02-11 18:00:00,1.03457
2025-02-11 19:00:00,1.03453
2025-02-11 20:00:00,1.03453
2025-02-11 21:00:00,1.03583
2025-02-11 22:00:00,1.03629
2025-02-11 23:00:00,1.03602
2025-02-12 00:00:00,1.03594
2025-02-12 01:00:00,1.0363
2025-02-12 02:00:00,1.03574
2025-02-12 03:00:00,1.03603
2025-02-12 04:00:00,1.03624
2025-02-12 05:00:00,1.0362
2025-02-12 06:00:00,1.03562
2025-02-12 07:00:00,1.03583
2025-02-12 08:00:00,1.03589
2025-02-12 09:00:00,1.03754
2025-02-12 10:00:00,1.03711
2025-02-12 11:00:00,1.03734
2025-02-12 12:00:00,1.03755
2025-02-12 13:00:00,1.03751
2025-02-12 14:00:00,1.03728
2025-02-12 15:00:00,1.03332
2025-02-12 16:00:00,1.035
2025-02-12 17:00:00,1.03743
2025-02-12 18:00:00,1.03898
2025-02-12 19:00:00,1.0426
2025-02-12 20:00:00,1.03893
2025-02-12 21:00:00,1.03909
2025-02-12 22:00:00,1.03917
2025-02-12 23:00:00,1.03813
2025-02-13 00:00:00,1.03826
2025-02-13 01:00:00,1.03921
2025-02-13 02:00:00,1.03895
2025-02-13 03:00:00,1.03995
2025-02-13 04:00:00,1.04038
2025-02-13 05:00:00,1.0419
2025-02-13 06:00:00,1.04347
2025-02-13 07:00:00,1.04349
2025-02-13 08:00:00,1.04307
2025-02-13 09:00:00,1.04255
2025-02-13 10:00:00,1.04135
2025-02-13 11:00:00,1.04226
2025-02-13 12:00:00,1.04157
2025-02-13 13:00:00,1.04031
2025-02-13 14:00:00,1.03892
2025-02-13 15:00:00,1.03925
2025-02-13 16:00:00,1.03996
2025-02-13 17:00:00,1.04332
2025-02-13 18:00:00,1.04276
2025-02-13 19:00:00,1.04254
2025-02-13 20:00:00,1.04093
2025-02-13 21:00:00,1.0437
2025-02-13 22:00:00,1.04616
2025-02-13 23:00:00,1.04627
2025-02-14 00:00:00,1.04658
2025-02-14 01:00:00,1.04615
2025-02-14 02:00:00,1.04608
2025-02-14 03:00:00,1.04592
2025-02-14 04:00:00,1.04567
2025-02-14 05:00:00,1.04588
2025-02-14 06:00:00,1.04548
2025-02-14 07:00:00,1.04526
2025-02-14 08:00:00,1.04585
2025-02-14 09:00:00,1.04647
2025-02-14 10:00:00,1.04766
2025-02-14 11:00:00,1.04811
2025-02-14 12:00:00,1.0467
2025-02-14 13:00:00,1.04674
2025-02-14 14:00:00,1.04716
2025-02-14 15:00:00,1.04881
2025-02-14 16:00:00,1.05086
2025-02-14 17:00:00,1.0508
2025-02-14 18:00:00,1.04974
2025-02-14 19:00:00,1.05071
2025-02-14 20:00:00,1.05043
2025-02-14 21:00:00,1.04986
2025-02-14 22:00:00,1.04919
2025-02-14 23:00:00,1.04898
2025-02-17 00:00:00,1.04875
2025-02-17 01:00:00,1.04882
2025-02-17 02:00:00,1.04921
2025-02-17 03:00:00,1.05052
2025-02-17 04:00:00,1.05011
2025-02-17 05:00:00,1.04945
2025-02-17 06:00:00,1.04954
2025-02-17 07:00:00,1.04897
2025-02-17 08:00:00,1.04915
2025-02-17 09:00:00,1.04824
2025-02-17 10:00:00,1.04742
2025-02-17 11:00:00,1.04742
2025-02-17 12:00:00,1.04889
2025-02-17 13:00:00,1.04818
2025-02-17 14:00:00,1.0472
2025-02-17 15:00:00,1.04742
2025-02-17 16:00:00,1.04783
2025-02-17 17:00:00,1.04796
2025-02-17 18:00:00,1.04786
2025-02-17 19:00:00,1.04825
2025-02-17 20:00:00,1.04821
2025-02-17 21:00:00,1.04816
2025-02-17 22:00:00,1.04834
2025-02-17 23:00:00,1.04828
2025-02-18 00:00:00,1.04797
2025-02-18 01:00:00,1.04848
2025-02-18 02:00:00,1.0475
2025-02-18 03:00:00,1.04661
2025-02-18 04:00:00,1.04675
2025-02-18 05:00:00,1.04629
2025-02-18 06:00:00,1.0457
2025-02-18 07:00:00,1.0455
2025-02-18 08:00:00,1.04613
2025-02-18 09:00:00,1.04634
2025-02-18 10:00:00,1.04567
2025-02-18 11:00:00,1.04639
2025-02-18 12:00:00,1.04621
2025-02-18 13:00:00,1.04626
2025-02-18 14:00:00,1.04552
2025-02-18 15:00:00,1.04447
2025-02-18 16:00:00,1.04522
2025-02-18 17:00:00,1.04664
2025-02-18 18:00:00,1.04566
2025-02-18 19:00:00,1.04458
2025-02-18 20:00:00,1.04439
2025-02-18 21:00:00,1.04451
2025-02-18 22:00:00,1.04476
2025-02-18 23:00:00,1.04441
2025-02-19 00:00:00,1.04506
2025-02-19 01:00:00,1.0448
2025-02-19 02:00:00,1.04455
2025-02-19 03:00:00,1.04465
2025-02-19 04:00:00,1.04518
2025-02-19 05:00:00,1.04513
2025-02-19 06:00:00,1.04523
2025-02-19 07:00:00,1.04561
2025-02-19 08:00:00,1.04548
2025-02-19 09:00:00,1.04511
2025-02-19 10:00:00,1.04405
2025-02-19 11:00:00,1.0429
2025-02-19 12:00:00,1.04237
2025-02-19 13:00:00,1.04244
2025-02-19 14:00:00,1.04281
2025-02-19 15:00:00,1.04337
2025-02-19 16:00:00,1.04339
2025-02-19 17:00:00,1.0424
2025-02-19 18:00:00,1.04045
2025-02-19 19:00:00,1.04097
2025-02-19 20:00:00,1.04194
2025-02-19 21:00:00,1.04255
2025-02-19 22:00:00,1.0425200000000001
2025-02-19 23:00:00,1.04213
2025-02-20 00:00:00,1.0424
2025-02-20 01:00:00,1.04209
2025-02-20 02:00:00,1.0429
2025-02-20 03:00:00,1.04213
2025-02-20 04:00:00,1.04356
2025-02-20 05:00:00,1.04312
2025-02-20 06:00:00,1.04303
2025-02-20 07:00:00,1.04273
2025-02-20 08:00:00,1.04249
2025-02-20 09:00:00,1.04317
2025-02-20 10:00:00,1.0433
2025-02-20 11:00:00,1.04366
2025-02-20 12:00:00,1.04424
2025-02-20 13:00:00,1.04382
2025-02-20 14:00:00,1.04356
2025-02-20 15:00:00,1.04483
2025-02-20 16:00:00,1.04463
2025-02-20 17:00:00,1.04739
2025-02-20 18:00:00,1.04748
2025-02-20 19:00:00,1.04891
2025-02-20 20:00:00,1.04977
2025-02-20 21:00:00,1.05014
2025-02-20 22:00:00,1.05026
2025-02-20 23:00:00,1.05
2025-02-21 00:00:00,1.04969
2025-02-21 01:00:00,1.0500099999999999
2025-02-21 02:00:00,1.04902
2025-02-21 03:00:00,1.04864
2025-02-21 04:00:00,1.05024
2025-02-21 05:00:00,1.05023
2025-02-21 06:00:00,1.04992
2025-02-21 07:00:00,1.0493
2025-02-21 08:00:00,1.04888
2025-02-21 09:00:00,1.04923
2025-02-21 10:00:00,1.0477
2025-02-21 11:00:00,1.04689
2025-02-21 12:00:00,1.04649
2025-02-21 13:00:00,1.0469
2025-02-21 14:00:00,1.04617
2025-02-21 15:00:00,1.04751
2025-02-21 16:00:00,1.04811
2025-02-21 17:00:00,1.04542
2025-02-21 18:00:00,1.04548
2025-02-21 19:00:00,1.04628
2025-02-21 20:00:00,1.04596
2025-02-21 21:00:00,1.04622
2025-02-21 22:00:00,1.04608
2025-02-21 23:00:00,1.04571
2025-02-24 00:00:00,1.04737
2025-02-24 01:00:00,1.0474
2025-02-24 02:00:00,1.05039
2025-02-24 03:00:00,1.05177
2025-02-24 04:00:00,1.05226
2025-02-24 05:00:00,1.05193
2025-02-24 06:00:00,1.05157
2025-02-24 07:00:00,1.05164
2025-02-24 08:00:00,1.05088
2025-02-24 09:00:00,1.04912
2025-02-24 10:00:00,1.04803
2025-02-24 11:00:00,1.04723
2025-02-24 12:00:00,1.04803
2025-02-24 13:00:00,1.04687
2025-02-24 14:00:00,1.04687
2025-02-24 15:00:00,1.04672
2025-02-24 16:00:00,1.04607
2025-02-24 17:00:00,1.04689
2025-02-24 18:00:00,1.04778
2025-02-24 19:00:00,1.04726
2025-02-24 20:00:00,1.04807
2025-02-24 21:00:00,1.04749
2025-02-24 22:00:00,1.04651
2025-02-24 23:00:00,1.04665
2025-02-25 00:00:00,1.04682
2025-02-25 01:00:00,1.04612
2025-02-25 02:00:00,1.04628
2025-02-25 03:00:00,1.04649
2025-02-25 04:00:00,1.04746
2025-02-25 05:00:00,1.04729
2025-02-25 06:00:00,1.04729
2025-02-25 07:00:00,1.04767
2025-02-25 08:00:00,1.04767
2025-02-25 09:00:00,1.04645
2025-02-25 10:00:00,1.04704
2025-02-25 11:00:00,1.04728
2025-02-25 12:00:00,1.04731
2025-02-25 13:00:00,1.04895
2025-02-25 14:00:00,1.04935
2025-02-25 15:00:00,1.05
2025-02-25 16:00:00,1.05024
2025-02-25 17:00:00,1.04987
2025-02-25 18:00:00,1.04979
2025-02-25 19:00:00,1.05019
2025-02-25 20:00:00,1.05085
2025-02-25 21:00:00,1.05102
2025-02-25 22:00:00,1.05161
2025-02-25 23:00:00,1.05115
2025-02-26 00:00:00,1.05128
2025-02-26 01:00:00,1.052
2025-02-26 02:00:00,1.05225
2025-02-26 03:00:00,1.05154
2025-02-26 04:00:00,1.0506199999999999
2025-02-26 05:00:00,1.05047
2025-02-26 06:00:00,1.04971
2025-02-26 07:00:00,1.04916
2025-02-26 08:00:00,1.04945
2025-02-26 09:00:00,1.04939
2025-02-26 10:00:00,1.05024
2025-02-26 11:00:00,1.04972
2025-02-26 12:00:00,1.04973
2025-02-26 13:00:00,1.04917
2025-02-26 14:00:00,1.04764
2025-02-26 15:00:00,1.04842
2025-02-26 16:00:00,1.04896
2025-02-26 17:00:00,1.0506
2025-02-26 18:00:00,1.05133
2025-02-26 19:00:00,1.04924
2025-02-26 20:00:00,1.04882
2025-02-26 21:00:00,1.04908
2025-02-26 22:00:00,1.04852
2025-02-26 23:00:00,1.04823
2025-02-27 00:00:00,1.04877
2025-02-27 01:00:00,1.0488
2025-02-27 02:00:00,1.04774
2025-02-27 03:00:00,1.04781
2025-02-27 04:00:00,1.04708
2025-02-27 05:00:00,1.04657
2025-02-27 06:00:00,1.04627
2025-02-27 07:00:00,1.04651
2025-02-27 08:00:00,1.04718
2025-02-27 09:00:00,1.0475
2025-02-27 10:00:00,1.04782
2025-02-27 11:00:00,1.0484
2025-02-27 12:00:00,1.04812
2025-02-27 13:00:00,1.04761
2025-02-27 14:00:00,1.04768
2025-02-27 15:00:00,1.04233
2025-02-27 16:00:00,1.04199
2025-02-27 17:00:00,1.0415
2025-02-27 18:00:00,1.04139
2025-02-27 19:00:00,1.04074
2025-02-27 20:00:00,1.04173
2025-02-27 21:00:00,1.04042
2025-02-27 22:00:00,1.04046
2025-02-27 23:00:00,1.03963
2025-02-28 00:00:00,1.03951
2025-02-28 01:00:00,1.03935
2025-02-28 02:00:00,1.04022
2025-02-28 03:00:00,1.03848
2025-02-28 04:00:00,1.03825
2025-02-28 05:00:00,1.03884
2025-02-28 06:00:00,1.03866
2025-02-28 07:00:00,1.0389
2025-02-28 08:00:00,1.03878
2025-02-28 09:00:00,1.03962
2025-02-28 10:00:00,1.04011
2025-02-28 11:00:00,1.03955
2025-02-28 12:00:00,1.03991
2025-02-28 13:00:00,1.03989
2025-02-28 14:00:00,1.04067
2025-02-28 15:00:00,1.04073
2025-02-28 16:00:00,1.04096
2025-02-28 17:00:00,1.03997
2025-02-28 18:00:00,1.04018
2025-02-28 19:00:00,1.03963
2025-02-28 20:00:00,1.03634
2025-02-28 21:00:00,1.03674
2025-02-28 22:00:00,1.03746
2025-02-28 23:00:00,1.03743
2025-03-03 00:00:00,1.0403
2025-03-03 01:00:00,1.04122
2025-03-03 02:00:00,1.04092
2025-03-03 03:00:00,1.04198
2025-03-03 04:00:00,1.04196
2025-03-03 05:00:00,1.04171
2025-03-03 06:00:00,1.04179
2025-03-03 07:00:00,1.04145
2025-03-03 08:00:00,1.04078
2025-03-03 09:00:00,1.04057
2025-03-03 10:00:00,1.04008
2025-03-03 11:00:00,1.04271
2025-03-03 12:00:00,1.0441799999999999
2025-03-03 13:00:00,1.04524
2025-03-03 14:00:00,1.04702
2025-03-03 15:00:00,1.04719
2025-03-03 16:00:00,1.04828
2025-03-03 17:00:00,1.04844
2025-03-03 18:00:00,1.04959
2025-03-03 19:00:00,1.04902
2025-03-03 20:00:00,1.04869
2025-03-03 21:00:00,1.04732
2025-03-03 22:00:00,1.04816
2025-03-03 23:00:00,1.04851
2025-03-04 00:00:00,1.04883
2025-03-04 01:00:00,1.04852
2025-03-04 02:00:00,1.0488
2025-03-04 03:00:00,1.04881
2025-03-04 04:00:00,1.04808
2025-03-04 05:00:00,1.04774
2025-03-04 06:00:00,1.04784
2025-03-04 07:00:00,1.04832
2025-03-04 08:00:00,1.04863
2025-03-04 09:00:00,1.04929
2025-03-04 10:00:00,1.05187
2025-03-04 11:00:00,1.05118
2025-03-04 12:00:00,1.05115
2025-03-04 13:00:00,1.05441
2025-03-04 14:00:00,1.05531
2025-03-04 15:00:00,1.05389
2025-03-04 16:00:00,1.05217
2025-03-04 17:00:00,1.0526200000000001
2025-03-04 18:00:00,1.05338
2025-03-04 19:00:00,1.05415
2025-03-04 20:00:00,1.05903
2025-03-04 21:00:00,1.06006
2025-03-04 22:00:00,1.06089
2025-03-04 23:00:00,1.06246
2025-03-05 00:00:00,1.062
2025-03-05 01:00:00,1.06235
2025-03-05 02:00:00,1.06208
2025-03-05 03:00:00,1.06123
2025-03-05 04:00:00,1.06043
2025-03-05 05:00:00,1.06179
2025-03-05 06:00:00,1.0619
2025-03-05 07:00:00,1.0631599999999999
2025-03-05 08:00:00,1.06321
2025-03-05 09:00:00,1.06739
2025-03-05 10:00:00,1.06982
2025-03-05 11:00:00,1.07115
2025-03-05 12:00:00,1.06972
2025-03-05 13:00:00,1.06789
2025-03-05 14:00:00,1.06954
2025-03-05 15:00:00,1.07159
2025-03-05 16:00:00,1.07694
2025-03-05 17:00:00,1.0765
2025-03-05 18:00:00,1.07674
2025-03-05 19:00:00,1.0785
2025-03-05 20:00:00,1.07737
2025-03-05 21:00:00,1.079
2025-03-05 22:00:00,1.07916
2025-03-05 23:00:00,1.0788
2025-03-06 00:00:00,1.07905
2025-03-06 01:00:00,1.07944
2025-03-06 02:00:00,1.07946
2025-03-06 03:00:00,1.08153
2025-03-06 04:00:00,1.08052
2025-03-06 05:00:00,1.07897
2025-03-06 06:00:00,1.08033
2025-03-06 07:00:00,1.08101
2025-03-06 08:00:00,1.08025
2025-03-06 09:00:00,1.07994
2025-03-06 10:00:00,1.08014
2025-03-06 11:00:00,1.07997
2025-03-06 12:00:00,1.07921
2025-03-06 13:00:00,1.07991
2025-03-06 14:00:00,1.08
2025-03-06 15:00:00,1.08263
2025-03-06 16:00:00,1.08373
2025-03-06 17:00:00,1.08168
2025-03-06 18:00:00,1.08173
2025-03-06 19:00:00,1.07968
2025-03-06 20:00:00,1.07839
2025-03-06 21:00:00,1.08018
2025-03-06 22:00:00,1.07861
2025-03-06 23:00:00,1.07802
2025-03-07 00:00:00,1.07905
2025-03-07 01:00:00,1.07875
2025-03-07 02:00:00,1.07873
2025-03-07 03:00:00,1.07902
2025-03-07 04:00:00,1.07993
2025-03-07 05:00:00,1.08056
2025-03-07 06:00:00,1.08129
2025-03-07 07:00:00,1.08131
2025-03-07 08:00:00,1.08233
2025-03-07 09:00:00,1.08296
2025-03-07 10:00:00,1.08508
2025-03-07 11:00:00,1.08613
2025-03-07 12:00:00,1.08605
2025-03-07 13:00:00,1.08488
2025-03-07 14:00:00,1.08546
2025-03-07 15:00:00,1.08445
2025-03-07 16:00:00,1.08539
2025-03-07 17:00:00,1.087
2025-03-07 18:00:00,1.08588
2025-03-07 19:00:00,1.08434
2025-03-07 20:00:00,1.08398
2025-03-07 21:00:00,1.08425
2025-03-07 22:00:00,1.08462
2025-03-07 23:00:00,1.08325
2025-03-10 00:00:00,1.08486
2025-03-10 01:00:00,1.08599
2025-03-10 02:00:00,1.0864
2025-03-10 03:00:00,1.08531
2025-03-10 04:00:00,1.08372
2025-03-10 05:00:00,1.08317
2025-03-10 06:00:00,1.08305
2025-03-10 07:00:00,1.08352
2025-03-10 08:00:00,1.08374
2025-03-10 09:00:00,1.08221
2025-03-10 10:00:00,1.08102
2025-03-10 11:00:00,1.08514
2025-03-10 12:00:00,1.08608
2025-03-10 13:00:00,1.08503
2025-03-10 14:00:00,1.08442
2025-03-10 15:00:00,1.08352
2025-03-10 16:00:00,1.08453
2025-03-10 17:00:00,1.08369
2025-03-10 18:00:00,1.08305
2025-03-10 19:00:00,1.08296
2025-03-10 20:00:00,1.083
2025-03-10 21:00:00,1.08314
2025-03-10 22:00:00,1.08339
2025-03-10 23:00:00,1.08344
2025-03-11 00:00:00,1.08338
2025-03-11 01:00:00,1.08392
2025-03-11 02:00:00,1.08511
2025-03-11 03:00:00,1.08579
2025-03-11 04:00:00,1.08557
2025-03-11 05:00:00,1.08541
2025-03-11 06:00:00,1.08544
2025-03-11 07:00:00,1.08384
2025-03-11 08:00:00,1.08566
2025-03-11 09:00:00,1.08905
2025-03-11 10:00:00,1.0917
2025-03-11 11:00:00,1.09086
2025-03-11 12:00:00,1.08907
2025-03-11 13:00:00,1.09049
2025-03-11 14:00:00,1.09179
2025-03-11 15:00:00,1.09206
2025-03-11 16:00:00,1.09194
2025-03-11 17:00:00,1.09275
2025-03-11 18:00:00,1.09253
2025-03-11 19:00:00,1.09337
2025-03-11 20:00:00,1.09307
2025-03-11 21:00:00,1.09199
2025-03-11 22:00:00,1.09171
2025-03-11 23:00:00,1.09101
2025-03-12 00:00:00,1.09145
2025-03-12 01:00:00,1.09144
2025-03-12 02:00:00,1.0909
2025-03-12 03:00:00,1.09066
2025-03-12 04:00:00,1.09039
2025-03-12 05:00:00,1.08969
2025-03-12 06:00:00,1.08989
2025-03-12 07:00:00,1.09033
2025-03-12 08:00:00,1.0892
2025-03-12 09:00:00,1.0901399999999999
2025-03-12 10:00:00,1.09211
2025-03-12 11:00:00,1.09147
2025-03-12 12:00:00,1.09059
2025-03-12 13:00:00,1.09004
2025-03-12 14:00:00,1.08784
2025-03-12 15:00:00,1.0882
2025-03-12 16:00:00,1.09128
2025-03-12 17:00:00,1.09245
2025-03-12 18:00:00,1.09058
2025-03-12 19:00:00,1.09069
2025-03-12 20:00:00,1.08842
2025-03-12 21:00:00,1.08905
2025-03-12 22:00:00,1.08869
2025-03-12 23:00:00,1.08841
2025-03-13 00:00:00,1.08886
2025-03-13 01:00:00,1.08856
2025-03-13 02:00:00,1.08912
2025-03-13 03:00:00,1.0889199999999999
2025-03-13 04:00:00,1.08951
2025-03-13 05:00:00,1.08851
2025-03-13 06:00:00,1.08932
2025-03-13 07:00:00,1.08853
2025-03-13 08:00:00,1.08743
2025-03-13 09:00:00,1.08652
2025-03-13 10:00:00,1.0873599999999999
2025-03-13 11:00:00,1.08795
2025-03-13 12:00:00,1.08703
2025-03-13 13:00:00,1.08565
2025-03-13 14:00:00,1.08348
2025-03-13 15:00:00,1.08476
2025-03-13 16:00:00,1.08653
2025-03-13 17:00:00,1.08582
2025-03-13 18:00:00,1.08725
2025-03-13 19:00:00,1.08544
2025-03-13 20:00:00,1.08532
2025-03-13 21:00:00,1.08485
2025-03-13 22:00:00,1.08512
2025-03-13 23:00:00,1.08511
2025-03-14 00:00:00,1.0852
2025-03-14 01:00:00,1.08545
2025-03-14 02:00:00,1.08488
2025-03-14 03:00:00,1.08409
2025-03-14 04:00:00,1.084
2025-03-14 05:00:00,1.08457
2025-03-14 06:00:00,1.08411
2025-03-14 07:00:00,1.08508
2025-03-14 08:00:00,1.08382
2025-03-14 09:00:00,1.08391
2025-03-14 10:00:00,1.08541
2025-03-14 11:00:00,1.08523
2025-03-14 12:00:00,1.08948
2025-03-14 13:00:00,1.08969
2025-03-14 14:00:00,1.08945
2025-03-14 15:00:00,1.08744
2025-03-14 16:00:00,1.0878
2025-03-14 17:00:00,1.08716
2025-03-14 18:00:00,1.0883
2025-03-14 19:00:00,1.08822
2025-03-14 20:00:00,1.08803
2025-03-14 21:00:00,1.0883099999999999
2025-03-14 22:00:00,1.08751
2025-03-17 00:00:00,1.08806
2025-03-17 01:00:00,1.08798
2025-03-17 02:00:00,1.08793
2025-03-17 03:00:00,1.08829
2025-03-17 04:00:00,1.0881
2025-03-17 05:00:00,1.08832
2025-03-17 06:00:00,1.08822
2025-03-17 07:00:00,1.08777
2025-03-17 08:00:00,1.08778
2025-03-17 09:00:00,1.08764
2025-03-17 10:00:00,1.08839
2025-03-17 11:00:00,1.09
2025-03-17 12:00:00,1.0907499999999999
2025-03-17 13:00:00,1.09023
2025-03-17 14:00:00,1.09016
2025-03-17 15:00:00,1.09046
2025-03-17 16:00:00,1.09158
2025-03-17 17:00:00,1.09218
2025-03-17 18:00:00,1.09211
2025-03-17 19:00:00,1.09142
2025-03-17 20:00:00,1.09252
2025-03-17 21:00:00,1.09203
2025-03-17 22:00:00,1.09209
2025-03-17 23:00:00,1.09215
2025-03-18 00:00:00,1.09202
2025-03-18 01:00:00,1.09182
2025-03-18 02:00:00,1.09161
2025-03-18 03:00:00,1.09135
2025-03-18 04:00:00,1.09087
2025-03-18 05:00:00,1.09085
2025-03-18 06:00:00,1.0911
2025-03-18 07:00:00,1.09078
2025-03-18 08:00:00,1.09206
2025-03-18 09:00:00,1.09353
2025-03-18 10:00:00,1.09514
2025-03-18 11:00:00,1.09504
2025-03-18 12:00:00,1.09344
2025-03-18 13:00:00,1.09165
2025-03-18 14:00:00,1.09117
2025-03-18 15:00:00,1.09125
2025-03-18 16:00:00,1.09166
2025-03-18 17:00:00,1.09268
2025-03-18 18:00:00,1.09386
2025-03-18 19:00:00,1.09496
2025-03-18 20:00:00,1.09442
2025-03-18 21:00:00,1.09462
2025-03-18 22:00:00,1.09429
2025-03-18 23:00:00,1.09434
2025-03-19 00:00:00,1.09408
2025-03-19 01:00:00,1.09387
2025-03-19 02:00:00,1.09344
2025-03-19 03:00:00,1.09369
2025-03-19 04:00:00,1.09407
2025-03-19 05:00:00,1.09379
2025-03-19 06:00:00,1.09297
2025-03-19 07:00:00,1.09314
2025-03-19 08:00:00,1.09205
2025-03-19 09:00:00,1.08929
2025-03-19 10:00:00,1.09071
2025-03-19 11:00:00,1.09022
2025-03-19 12:00:00,1.08997
2025-03-19 13:00:00,1.09081
2025-03-19 14:00:00,1.0901
2025-03-19 15:00:00,1.08944
2025-03-19 16:00:00,1.08838
2025-03-19 17:00:00,1.0877
2025-03-19 18:00:00,1.08853
2025-03-19 19:00:00,1.08687
2025-03-19 20:00:00,1.09074
2025-03-19 21:00:00,1.08991
2025-03-19 22:00:00,1.09017
2025-03-19 23:00:00,1.0903
2025-03-20 00:00:00,1.0907499999999999
2025-03-20 01:00:00,1.09114
2025-03-20 02:00:00,1.09122
2025-03-20 03:00:00,1.09055
2025-03-20 04:00:00,1.09088
2025-03-20 05:00:00,1.09094
2025-03-20 06:00:00,1.09033
2025-03-20 07:00:00,1.08952
2025-03-20 08:00:00,1.08935
2025-03-20 09:00:00,1.08789
2025-03-20 10:00:00,1.08656
2025-03-20 11:00:00,1.0852
2025-03-20 12:00:00,1.08461
2025-03-20 13:00:00,1.0849199999999999
2025-03-20 14:00:00,1.08337
2025-03-20 15:00:00,1.08254
2025-03-20 16:00:00,1.08293
2025-03-20 17:00:00,1.08474
2025-03-20 18:00:00,1.08485
2025-03-20 19:00:00,1.08443
2025-03-20 20:00:00,1.0848200000000001
2025-03-20 21:00:00,1.08533
2025-03-20 22:00:00,1.08456
2025-03-20 23:00:00,1.08534
2025-03-21 00:00:00,1.08567
2025-03-21 01:00:00,1.08531
2025-03-21 02:00:00,1.08529
2025-03-21 03:00:00,1.08521
2025-03-21 04:00:00,1.0844
2025-03-21 05:00:00,1.08349
2025-03-21 06:00:00,1.08304
2025-03-21 07:00:00,1.08286
2025-03-21 08:00:00,1.08342
2025-03-21 09:00:00,1.0838700000000001
2025-03-21 10:00:00,1.08362
2025-03-21 11:00:00,1.08258
2025-03-21 12:00:00,1.08371
2025-03-21 13:00:00,1.08503
2025-03-21 14:00:00,1.08324
2025-03-21 15:00:00,1.08318
2025-03-21 16:00:00,1.08236
2025-03-21 17:00:00,1.0806499999999999
2025-03-21 18:00:00,1.08183
2025-03-21 19:00:00,1.08225
2025-03-21 20:00:00,1.08207
2025-03-21 21:00:00,1.08179
2025-03-21 22:00:00,1.08129
2025-03-24 00:00:00,1.08197
2025-03-24 01:00:00,1.08357
2025-03-24 02:00:00,1.08372
2025-03-24 03:00:00,1.08262
2025-03-24 04:00:00,1.08251
2025-03-24 05:00:00,1.08201
2025-03-24 06:00:00,1.08229
2025-03-24 07:00:00,1.08289
2025-03-24 08:00:00,1.08397
2025-03-24 09:00:00,1.08382
2025-03-24 10:00:00,1.08429
2025-03-24 11:00:00,1.08394
2025-03-24 12:00:00,1.08476
2025-03-24 13:00:00,1.08321
2025-03-24 14:00:00,1.08292
2025-03-24 15:00:00,1.07931
2025-03-24 16:00:00,1.07989
2025-03-24 17:00:00,1.07934
2025-03-24 18:00:00,1.07915
2025-03-24 19:00:00,1.07871
2025-03-24 20:00:00,1.08046
2025-03-24 21:00:00,1.08013
2025-03-24 22:00:00,1.08003
2025-03-24 23:00:00,1.07992
2025-03-25 00:00:00,1.08019
2025-03-25 01:00:00,1.08019
2025-03-25 02:00:00,1.07998
2025-03-25 03:00:00,1.08018
2025-03-25 04:00:00,1.07961
2025-03-25 05:00:00,1.08024
2025-03-25 06:00:00,1.08028
2025-03-25 07:00:00,1.08025
2025-03-25 08:00:00,1.07943
2025-03-25 09:00:00,1.07869
2025-03-25 10:00:00,1.07898
2025-03-25 11:00:00,1.08001
2025-03-25 12:00:00,1.08197
2025-03-25 13:00:00,1.08175
2025-03-25 14:00:00,1.08247
2025-03-25 15:00:00,1.08156
2025-03-25 16:00:00,1.08121
2025-03-25 17:00:00,1.08027
2025-03-25 18:00:00,1.0806
2025-03-25 19:00:00,1.08094
2025-03-25 20:00:00,1.07979
2025-03-25 21:00:00,1.0795
2025-03-25 22:00:00,1.07892
2025-03-25 23:00:00,1.07918
2025-03-26 00:00:00,1.07883
2025-03-26 01:00:00,1.07884
2025-03-26 02:00:00,1.07839
2025-03-26 03:00:00,1.07931
2025-03-26 04:00:00,1.07948
2025-03-26 05:00:00,1.07855
2025-03-26 06:00:00,1.07837
2025-03-26 07:00:00,1.07846
2025-03-26 08:00:00,1.07863
2025-03-26 09:00:00,1.07855
2025-03-26 10:00:00,1.07988
2025-03-26 11:00:00,1.07954
2025-03-26 12:00:00,1.07912
2025-03-26 13:00:00,1.07918
2025-03-26 14:00:00,1.07837
2025-03-26 15:00:00,1.07743
2025-03-26 16:00:00,1.07903
2025-03-26 17:00:00,1.07803
2025-03-26 18:00:00,1.07867
2025-03-26 19:00:00,1.07562
2025-03-26 20:00:00,1.07548
2025-03-26 21:00:00,1.07507
2025-03-26 22:00:00,1.07529
2025-03-26 23:00:00,1.0737
2025-03-27 00:00:00,1.07369
2025-03-27 01:00:00,1.07407
2025-03-27 02:00:00,1.0755
2025-03-27 03:00:00,1.07648
2025-03-27 04:00:00,1.07755
2025-03-27 05:00:00,1.0777700000000001
2025-03-27 06:00:00,1.07798
2025-03-27 07:00:00,1.07687
2025-03-27 08:00:00,1.0772599999999999
2025-03-27 09:00:00,1.07642
2025-03-27 10:00:00,1.07754
2025-03-27 11:00:00,1.07703
2025-03-27 12:00:00,1.07812
2025-03-27 13:00:00,1.07864
2025-03-27 14:00:00,1.07865
2025-03-27 15:00:00,1.07794
2025-03-27 16:00:00,1.07887
2025-03-27 17:00:00,1.07992
2025-03-27 18:00:00,1.07982
2025-03-27 19:00:00,1.07893
2025-03-27 20:00:00,1.07904
2025-03-27 21:00:00,1.07944
2025-03-27 22:00:00,1.07999
2025-03-27 23:00:00,1.07975
2025-03-28 00:00:00,1.07958
2025-03-28 01:00:00,1.08003
2025-03-28 02:00:00,1.07944
2025-03-28 03:00:00,1.07931
2025-03-28 04:00:00,1.07941
2025-03-28 05:00:00,1.07914
2025-03-28 06:00:00,1.0788
2025-03-28 07:00:00,1.07904
2025-03-28 08:00:00,1.07844
2025-03-28 09:00:00,1.07869
2025-03-28 10:00:00,1.07778
2025-03-28 11:00:00,1.0773
2025-03-28 12:00:00,1.07682
2025-03-28 13:00:00,1.07714
2025-03-28 14:00:00,1.07885
2025-03-28 15:00:00,1.08092
2025-03-28 16:00:00,1.08226
2025-03-28 17:00:00,1.08245
2025-03-28 18:00:00,1.08212
2025-03-28 19:00:00,1.08191
2025-03-28 20:00:00,1.08241
2025-03-28 21:00:00,1.08251
2025-03-28 22:00:00,1.08276
2025-03-31 00:00:00,1.08137
2025-03-31 01:00:00,1.08203
2025-03-31 02:00:00,1.08231
2025-03-31 03:00:00,1.0841
2025-03-31 04:00:00,1.08321
2025-03-31 05:00:00,1.08401
2025-03-31 06:00:00,1.0832600000000001
2025-03-31 07:00:00,1.08337
2025-03-31 08:00:00,1.08339
2025-03-31 09:00:00,1.08368
2025-03-31 10:00:00,1.08312
2025-03-31 11:00:00,1.08269
2025-03-31 12:00:00,1.08158
2025-03-31 13:00:00,1.08179
2025-03-31 14:00:00,1.08193
2025-03-31 15:00:00,1.08032
2025-03-31 16:00:00,1.08076
2025-03-31 17:00:00,1.08015
2025-03-31 18:00:00,1.07936
2025-03-31 19:00:00,1.08112
2025-03-31 20:00:00,1.08142
